{"cameraMode":{"drawMode":0,"name":"Shaded","section":"Shading Mode"},"sceneLighting":false,"audioPlay":false,"sceneViewState":{"showFog":true,"showMaterialUpdate":true,"showSkybox":false,"showFlares":true,"showImageEffects":true,"showParticleSystems":true},"in2DMode":false,"pivot":{"x":-80.1934814453125,"y":0.29928553104400637,"z":-85.19342803955078},"rotation":{"x":-0.051545653492212298,"y":0.8674425482749939,"z":-0.48624059557914736,"w":-0.0919598862528801},"size":9.08031177520752,"orthographic":false}