{"cameraMode":{"drawMode":0,"name":"Shaded","section":"Shading Mode"},"sceneLighting":true,"audioPlay":false,"sceneViewState":{"showFog":true,"showMaterialUpdate":true,"showSkybox":true,"showFlares":true,"showImageEffects":true,"showParticleSystems":true},"in2DMode":false,"pivot":{"x":-2.1425397396087648,"y":-5.296414375305176,"z":40.09925079345703},"rotation":{"x":0.11167110502719879,"y":-0.0074478513561189178,"z":0.0008380608633160591,"w":0.9937169551849365},"size":62.13698959350586,"orthographic":false}