{"cameraMode":{"drawMode":0,"name":"Shaded","section":"Shading Mode"},"sceneLighting":false,"audioPlay":false,"sceneViewState":{"showFog":true,"showMaterialUpdate":false,"showSkybox":false,"showFlares":true,"showImageEffects":true,"showParticleSystems":true},"in2DMode":false,"pivot":{"x":-4.116499900817871,"y":-0.9990000128746033,"z":14.201000213623047},"rotation":{"x":0.08382048457860947,"y":-0.9077940583229065,"z":0.34792935848236086,"w":0.2186991423368454},"size":4.583691596984863,"orthographic":false}