{"cameraMode":{"drawMode":0,"name":"Shaded","section":"Shading Mode"},"sceneLighting":false,"audioPlay":false,"sceneViewState":{"showFog":true,"showMaterialUpdate":true,"showSkybox":false,"showFlares":true,"showImageEffects":true,"showParticleSystems":true},"in2DMode":false,"pivot":{"x":-2.4000000953674318,"y":0.6399999856948853,"z":-4.0},"rotation":{"x":-0.012592893093824387,"y":0.9510994553565979,"z":-0.3061375617980957,"w":-0.039129141718149188},"size":2.857893466949463,"orthographic":false}