{"cameraMode":{"drawMode":0,"name":"Shaded","section":"Shading Mode"},"sceneLighting":false,"audioPlay":false,"sceneViewState":{"showFog":true,"showMaterialUpdate":true,"showSkybox":false,"showFlares":true,"showImageEffects":true,"showParticleSystems":true},"in2DMode":false,"pivot":{"x":6.539410591125488,"y":-0.8270474672317505,"z":4.272704124450684},"rotation":{"x":-0.09089302271604538,"y":0.8715886473655701,"z":-0.4481273591518402,"w":-0.1767868846654892},"size":13.157453536987305,"orthographic":false}