{"cameraMode":{"drawMode":0,"name":"Shaded","section":"Shading Mode"},"sceneLighting":true,"audioPlay":false,"sceneViewState":{"showFog":true,"showMaterialUpdate":true,"showSkybox":true,"showFlares":true,"showImageEffects":true,"showParticleSystems":true},"in2DMode":false,"pivot":{"x":-26.8032169342041,"y":-0.6605534553527832,"z":7.64776086807251},"rotation":{"x":0.054607849568128589,"y":-0.4819888770580292,"z":0.03011741302907467,"w":0.873955249786377},"size":42.57622146606445,"orthographic":false}